City,Lat,Lng,Max Temp,Humidity,Cloudiness,Wind Speed,Country,Date
Richards Bay,-28.78,32.04,70.5,87,93,4.18,ZA,1606087303
Khatanga,71.97,102.5,14.92,96,100,20.38,RU,1606087379
Bredasdorp,-34.53,20.04,60.8,87,26,3.36,ZA,1606087229
Korla,41.76,86.15,18.1,80,40,3.47,CN,1606087382
Tasiilaq,65.61,-37.64,21.2,85,46,2.24,GL,1606087383
Albany,42.6,-73.97,39.0,68,100,9.82,US,1606087384
Chokurdakh,70.63,147.92,1.22,94,100,7.31,RU,1606087247
Saskylakh,71.92,114.08,4.51,92,30,13.11,RU,1606087388
Phuket,8.0,98.25,82.0,88,75,4.7,TH,1606087389
Lüshunkou,38.8,121.27,24.8,79,0,11.83,CN,1606087219
Makkah al Mukarramah,21.43,39.83,72.32,74,0,4.79,SA,1606087315
Broken Hill,-31.95,141.43,71.6,78,100,21.92,AU,1606087393
Dalmatovo,56.26,62.94,17.71,93,100,5.48,RU,1606087394
San Patricio,28.02,-97.52,77.0,53,75,11.41,US,1606087396
Port Lincoln,-34.73,135.87,62.58,66,49,16.11,AU,1606087397
Carnarvon,-24.87,113.63,73.4,78,0,11.41,AU,1606087259
Husavik,66.04,-17.34,17.6,85,0,2.24,IS,1606087400
Busselton,-33.65,115.33,66.99,67,0,7.16,AU,1606087401
Troitskiy,57.06,63.75,17.6,93,84,5.41,RU,1606087402
Bluff,-46.6,168.33,57.0,66,3,5.01,NZ,1606087403
Kongolo,-5.38,27.0,71.37,84,76,0.94,CD,1606087405
Nikolskoye,59.7,30.79,39.2,86,90,6.71,RU,1606087406
Nyurba,63.28,118.33,8.56,95,100,4.74,RU,1606087407
Mataura,-46.19,168.86,57.0,66,23,5.01,NZ,1606087233
Airai,-8.93,125.41,66.96,92,91,2.39,TL,1606087410
Hobart,-42.88,147.33,64.0,72,75,6.93,AU,1606087348
Dubbo,-32.25,148.62,75.2,64,75,19.46,AU,1606087400
Zhangjiakou,40.81,114.88,18.61,78,0,4.7,CN,1606087414
Kapaa,22.08,-159.32,80.6,69,75,20.8,US,1606087417
Elizabeth City,36.29,-76.25,64.99,82,75,3.36,US,1606087419
Saint-Philippe,-21.36,55.77,73.4,78,86,6.93,RE,1606087420
Rosetown,51.55,-108.0,16.0,92,90,13.87,CA,1606087345
Hermanus,-34.42,19.23,57.99,92,41,5.91,ZA,1606087424
Şabyā,17.15,42.63,82.4,74,40,3.89,SA,1606087426
Algiers,36.75,3.04,46.4,100,40,6.35,DZ,1606087176
Chui,-33.7,-53.46,60.48,79,0,8.48,UY,1606087271
Butaritari,3.07,172.79,80.87,76,89,13.44,KI,1606087432
Maceió,-9.67,-35.74,75.2,94,0,5.82,BR,1606087216
Berbera,10.44,45.01,78.33,60,100,1.77,SO,1606087434
Ushuaia,-54.8,-68.3,53.6,46,75,23.04,AR,1606087435
Noumea,-22.28,166.46,80.6,61,75,16.11,NC,1606087378
Malakal,9.53,31.66,76.53,21,8,5.37,SS,1606087357
Caçu,-18.56,-51.13,77.56,31,2,5.12,BR,1606087439
Remontnoye,46.56,43.65,28.4,92,96,8.95,RU,1606087440
Cape Town,-33.93,18.42,64.0,87,20,8.05,ZA,1606087442
Vestmannaeyjar,63.44,-20.27,38.95,74,59,10.63,IS,1606087443
Griffith,41.53,-87.42,39.2,93,1,4.7,US,1606087296
Yurimaguas,-5.9,-76.08,80.55,76,92,1.81,PE,1606087446
Carballo,43.21,-8.69,51.01,100,0,4.7,ES,1606087447
Upernavik,72.79,-56.15,20.05,85,100,4.88,GL,1606087251
Magadan,59.57,150.8,3.36,84,20,10.16,RU,1606087449
Macas,-2.32,-78.12,71.6,78,40,5.82,EC,1606087207
Kimbe,-5.55,150.14,86.4,61,27,2.13,PG,1606087276
Rabo de Peixe,37.8,-25.58,60.8,87,20,6.93,PT,1606087453
Prince Rupert,54.32,-130.32,42.8,82,90,10.29,CA,1606087445
Valparaíso,-33.04,-71.63,71.6,40,0,9.17,CL,1606087303
Kilembe,0.2,30.0,62.06,79,19,3.6,UG,1606087457
Henties Bay,-22.12,14.28,59.0,89,0,1.01,NA,1606087313
Hokitika,-42.72,170.97,58.03,70,100,7.54,NZ,1606087460
Severo-Kuril'sk,50.68,156.12,31.59,94,85,44.74,RU,1606087233
Jérémie,18.65,-74.12,79.29,73,47,1.59,HT,1606087462
Hastings,50.86,0.57,48.99,70,82,1.99,GB,1606087464
Ponta do Sol,32.67,-17.1,66.2,72,75,6.93,PT,1606087419
Tambacounda,13.75,-13.76,82.44,16,21,6.73,SN,1606087466
Castro,-24.79,-50.01,59.2,89,36,5.06,BR,1606087467
Ancud,-41.87,-73.82,57.99,62,20,13.87,CL,1606087470
Atuona,-9.8,-139.03,78.37,69,21,12.08,PF,1606087240
Puerto Quijarro,-17.78,-57.77,87.78,25,0,5.53,BO,1606087473
Turukhansk,65.82,87.98,7.83,96,99,7.72,RU,1606087474
Saldanha,-33.01,17.94,59.0,82,0,4.7,ZA,1606087475
Saint Anthony,45.02,-93.22,39.2,69,90,16.11,US,1606087476
Dwārka,22.24,68.97,73.26,51,0,5.44,IN,1606087478
Rikitea,-23.12,-134.97,74.86,74,9,7.81,PF,1606087480
Punta Arenas,-53.15,-70.92,53.6,50,40,14.99,CL,1606087228
Sakakah,29.97,40.21,53.6,66,0,4.76,SA,1606087350
Kavaratti,10.57,72.64,80.94,71,0,10.98,IN,1606087484
Port Blair,11.67,92.75,81.0,81,97,6.62,IN,1606087485
East London,-33.02,27.91,65.5,84,100,7.7,ZA,1606087227
Saint Paul Harbor,57.79,-152.41,30.2,86,20,15.32,US,1606087313
George Town,5.41,100.34,77.0,94,20,2.24,MY,1606087450
Barrow,71.29,-156.79,15.8,85,90,11.41,US,1606087491
Mayo,38.89,-76.51,55.99,87,90,5.91,US,1606087393
Hilo,19.73,-155.09,75.2,88,90,9.17,US,1606087393
Yellowknife,62.46,-114.35,3.2,84,90,10.29,CA,1606087496
Port Alfred,-33.59,26.89,66.43,86,100,8.72,ZA,1606087498
São Miguel do Araguaia,-13.28,-50.16,79.16,76,87,5.82,BR,1606087499
Tiksi,71.69,128.87,-5.24,90,82,5.75,RU,1606087501
Neiafu,-18.65,-173.98,82.4,78,75,6.93,TO,1606087502
Olafsvik,64.89,-23.71,37.67,76,71,7.29,IS,1606087351
Tuatapere,-46.13,167.68,57.0,66,88,5.01,NZ,1606087251
Tilichiki,60.47,166.1,3.15,95,69,5.39,RU,1606087291
Ulladulla,-35.35,150.47,73.4,73,100,10.29,AU,1606087507
Tucumã,-0.18,-50.05,78.06,88,100,4.9,BR,1606087508
Thompson,55.74,-97.86,1.4,77,90,4.7,CA,1606087510
Leningradskiy,69.38,178.42,22.05,97,95,2.64,RU,1606087511
Necochea,-38.55,-58.74,69.01,65,86,12.84,AR,1606087512
Jalu,29.03,21.55,61.25,42,91,11.5,LY,1606087514
Souillac,-20.52,57.52,73.4,83,40,8.05,MU,1606087515
Sadove,46.25,30.18,32.0,77,0,6.71,UA,1606087516
Vaini,-21.2,-175.2,80.6,69,75,6.93,TO,1606087519
Camacha,33.08,-16.33,64.4,77,20,3.36,PT,1606087520
New Norfolk,-42.78,147.06,64.0,57,0,1.99,AU,1606087522
Qaanaaq,77.48,-69.36,0.25,77,26,6.73,GL,1606087523
Tura,25.52,90.22,57.54,53,0,4.21,IN,1606087524
Auki,-8.77,160.7,86.63,61,15,1.74,SB,1606087526
Mahébourg,-20.41,57.7,73.4,83,40,8.05,MU,1606087527
Saint-François,46.42,3.91,32.0,100,0,3.36,FR,1606087528
College,64.86,-147.8,12.0,85,100,2.15,US,1606087232
Caxito,-8.58,13.66,78.8,83,75,5.82,AO,1606087531
Ostrovnoy,68.05,39.51,35.8,85,100,21.7,RU,1606087532
Balabac,7.99,117.06,81.97,78,95,15.14,PH,1606087534
Mailsi,29.8,72.18,54.82,38,0,5.97,PK,1606087535
Palmer,42.16,-72.33,43.0,75,90,5.82,US,1606087536
Matadi,-5.82,13.45,75.88,90,100,4.38,CD,1606087270
Guerrero Negro,27.98,-114.06,73.33,53,61,13.22,MX,1606087539
Aksarka,66.56,67.8,15.08,96,99,14.56,RU,1606087540
Khandyga,62.67,135.6,-20.15,84,62,2.15,RU,1606087541
Kulhudhuffushi,6.62,73.07,81.91,72,99,11.56,MV,1606087542
Ribeira Grande,38.52,-28.7,62.56,77,9,10.54,PT,1606087544
Bambous Virieux,-20.34,57.76,73.4,83,40,8.05,MU,1606087545
São Gabriel da Cachoeira,-0.13,-67.09,76.66,91,90,0.56,BR,1606087536
Avarua,-21.21,-159.78,78.8,78,100,9.17,CK,1606087548
‘Āhuimanu,21.44,-157.84,82.4,65,75,13.87,US,1606087549
Ilulissat,69.22,-51.1,15.8,56,100,8.05,GL,1606087550
Hithadhoo,-0.6,73.08,82.38,73,92,6.53,MV,1606087553
Dikson,73.51,80.55,14.5,95,34,11.97,RU,1606087554
Roseto degli Abruzzi,42.67,14.02,39.2,86,0,5.82,IT,1606087555
Cotonou,6.37,2.42,82.4,83,40,12.75,BJ,1606087557
Otjiwarongo,-20.46,16.65,69.8,26,5,6.35,NA,1606087558
Buşayrā,30.74,35.61,49.46,81,1,2.73,JO,1606087559
Nishihara,26.18,127.76,75.2,88,75,6.93,JP,1606087561
Isabela,6.71,121.97,78.8,88,75,3.36,PH,1606087562
Vanimo,-2.67,141.3,82.47,79,81,0.78,PG,1606087563
Beringovskiy,63.05,179.32,27.79,98,99,2.71,RU,1606087564
Dunedin,-45.87,170.5,55.0,65,40,8.01,NZ,1606087366
Pangnirtung,66.15,-65.71,-2.96,74,7,7.36,CA,1606087567
Hong Kong,22.29,114.16,73.99,86,54,4.0,HK,1606087520
Gijang,35.24,129.21,42.8,48,0,9.17,KR,1606087570
St. George's,12.06,-61.75,80.6,78,20,17.22,GD,1606087572
Muisne,0.6,-80.03,73.92,81,33,5.7,EC,1606087573
Hay River,60.82,-115.8,6.8,77,100,5.82,CA,1606087575
Yoichi,43.2,140.77,32.0,87,75,3.36,JP,1606087576
Vardø,70.37,31.11,32.0,84,75,6.93,NO,1606087577
Itamaracá,-7.75,-34.83,78.8,61,20,6.93,BR,1606087578
Mar del Plata,-38.0,-57.56,75.2,53,0,11.41,AR,1606087580
Lavrentiya,65.58,-171.0,32.02,98,100,6.38,RU,1606087581
Lenger,42.18,69.88,19.4,85,75,2.24,KZ,1606087582
Puerto Ayora,-0.74,-90.35,72.0,82,67,5.01,EC,1606087411
Codrington,-38.27,141.97,60.37,81,92,15.23,AU,1606087585
Okhotsk,59.38,143.3,0.97,88,93,17.43,RU,1606087586
Bandarbeyla,9.49,50.81,77.52,72,100,18.16,SO,1606087589
Mogadishu,2.04,45.34,79.27,80,100,10.33,SO,1606087536
Coyhaique,-45.58,-72.07,53.6,58,75,4.7,CL,1606087591
Te Anau,-45.42,167.72,54.63,50,99,2.68,NZ,1606087594
The Hammocks,25.67,-80.44,75.99,100,40,5.82,US,1606087595
Harper,4.38,-7.72,78.24,88,97,7.78,LR,1606087596
Todos Santos,23.45,-110.22,87.01,38,0,3.0,MX,1606087598
Batemans Bay,-35.72,150.18,71.01,86,100,3.0,AU,1606087599
Mountain Home,43.13,-115.69,42.8,45,1,10.29,US,1606087600
Posse,-14.09,-46.37,70.95,87,42,7.02,BR,1606087602
Rome,43.21,-75.46,37.4,74,90,16.11,US,1606087603
Quatre Cocos,-20.21,57.76,73.4,83,40,8.05,MU,1606087604
Chingirlau,51.09,54.08,20.64,90,100,6.73,KZ,1606087605
Praia da Vitória,38.73,-27.07,62.6,82,40,9.48,PT,1606087607
Vostok,46.49,135.88,-0.15,93,17,5.95,RU,1606087608
Katobu,-4.94,122.53,78.91,85,85,0.58,ID,1606087609
Sherbakul',54.63,72.4,5.0,77,92,4.47,RU,1606087611
Arraial do Cabo,-22.97,-42.03,73.02,77,85,15.37,BR,1606087612
Clyde River,70.47,-68.59,5.0,92,90,32.21,CA,1606087613
Gazli,40.13,63.45,17.96,87,34,8.99,UZ,1606087615
Ossora,59.24,163.07,17.62,88,1,5.32,RU,1606087616
Bosaso,11.28,49.18,73.9,82,100,5.01,SO,1606087619
Konya Province,38.17,32.5,33.8,74,0,4.7,TR,1606087472
Yaan,7.38,8.57,79.2,40,100,3.69,NG,1606087622
Namatanai,-3.67,152.43,84.22,60,33,5.73,PG,1606087623
Alofi,-19.06,-169.92,78.8,88,90,3.36,NU,1606087624
Narsaq,60.92,-46.05,21.2,73,100,2.24,GL,1606087626
Bagotville,-28.98,153.42,84.99,54,0,3.36,AU,1606087627
San Cristobal,7.77,-72.22,82.4,74,40,4.7,VE,1606087628
Shenjiamen,29.96,122.3,57.7,78,100,17.49,CN,1606087629
Bom Jesus,-9.07,-44.36,74.52,89,100,4.72,BR,1606087631
Rawson,-43.3,-65.1,71.31,34,0,18.21,AR,1606087632
Haicheng,40.85,122.75,22.39,80,0,3.49,CN,1606087633
Béboto,8.27,16.94,74.64,38,98,1.74,TD,1606087635
Paracuru,-3.41,-39.03,81.0,75,11,21.0,BR,1606087636
Derzhavīnsk,51.1,66.32,13.1,92,89,5.77,KZ,1606087637
Portobelo,9.55,-79.65,81.0,85,14,3.0,PA,1606087639
Cooma,-36.23,149.13,60.8,82,90,13.87,AU,1606087642
Klyuchi,52.27,79.17,18.73,96,100,5.21,RU,1606087643
Klaksvík,62.23,-6.59,37.4,93,2,9.17,FO,1606087644
Sinnamary,5.38,-52.95,76.86,90,100,9.55,GF,1606087646
Lata,40.16,-8.33,48.99,86,0,2.13,PT,1606087647
Cabo San Lucas,22.89,-109.91,84.99,54,5,8.05,MX,1606087375
Jamestown,42.1,-79.24,45.0,87,90,11.41,US,1606087596
Deputatsky,69.3,139.9,-7.94,86,100,3.31,RU,1606087651
Katsuura,35.13,140.3,62.6,48,20,21.92,JP,1606087653
Mount Isa,-20.73,139.5,93.2,21,99,12.75,AU,1606087655
Alugan,12.22,125.48,78.35,89,100,20.78,PH,1606087656
Saint George,37.1,-113.58,66.99,20,1,4.7,US,1606087657
Santa Cruz del Sur,20.71,-78.0,78.28,84,85,6.22,CU,1606087658
Sobolevo,54.43,31.9,34.32,98,100,13.67,RU,1606087660
Northam,51.03,-4.22,46.99,95,59,1.01,GB,1606087661
Nome,64.5,-165.41,30.2,92,90,10.29,US,1606087662
Salinópolis,-0.61,-47.36,81.21,79,9,10.69,BR,1606087663
Muros,42.78,-9.06,55.99,93,0,4.79,ES,1606087666
Norman Wells,65.28,-126.83,12.2,72,75,10.29,CA,1606087667
Poum,-20.23,164.02,76.66,68,0,9.42,NC,1606087669
Colombo,6.93,79.85,75.2,83,40,2.24,LK,1606087518
Abu Dhabi,24.47,54.37,73.4,60,0,4.7,AE,1606087555
Asău,46.43,26.4,30.2,92,0,2.24,RO,1606087672
Faanui,-16.48,-151.75,81.12,73,61,10.4,PF,1606087675
Lebu,-37.62,-73.65,57.11,83,3,6.98,CL,1606087677
Inta,66.03,60.17,17.11,93,98,10.89,RU,1606087679
Chicama,-7.84,-79.15,67.48,70,2,6.89,PE,1606087680
Turkmenabat,39.07,63.58,15.8,72,0,4.7,TM,1606087681
Odienné,9.51,-7.57,74.95,41,57,3.11,CI,1606087683
Houma,29.6,-90.72,73.0,64,1,5.82,US,1606087684
Santa Cruz de la Sierra,-17.8,-63.17,91.4,38,20,5.82,BO,1606087645
Batagay,67.63,134.63,-24.5,82,0,0.87,RU,1606087686
Longyearbyen,78.22,15.64,17.6,78,40,8.05,SJ,1606087688
Kebumen,-7.67,109.65,64.99,82,100,1.36,ID,1606087689
Haines Junction,60.75,-137.51,-4.0,70,100,1.54,CA,1606087690
Orán,-23.13,-64.33,91.0,41,75,2.37,AR,1606087691
Nanortalik,60.14,-45.24,31.23,93,100,15.1,GL,1606087693
Boyolangu,-8.12,111.89,78.1,82,99,1.52,ID,1606087694
Huruta,8.15,39.35,53.83,41,54,6.49,ET,1606087695
Kiryat Gat,31.61,34.76,62.01,100,0,1.01,IL,1606087697
Gigmoto,13.78,124.39,79.74,79,90,17.98,PH,1606087698
Hamilton,39.18,-84.53,42.01,86,90,13.87,US,1606087701
Santa Cruz del Norte,23.15,-81.92,77.0,100,20,4.7,CU,1606087702
Chibombo,-14.66,28.07,67.69,84,98,1.79,ZM,1606087703
Kapuskasing,49.42,-82.43,32.0,95,99,6.93,CA,1606087704
Cherskiy,68.75,161.3,5.43,94,100,6.53,RU,1606087706
Portland,45.52,-122.68,44.6,81,90,6.93,US,1606087501
Tortolì,39.93,9.66,51.8,66,5,12.75,IT,1606087708
Esperance,-33.87,121.9,60.8,77,57,17.22,AU,1606087709
Pangkalanbuun,-2.68,111.62,73.45,96,61,2.42,ID,1606087711
Liverpool,53.41,-2.98,43.0,86,45,3.36,GB,1606087573
Bubaque,11.28,-15.83,82.69,77,75,14.32,GW,1606087713
Yakeshi,49.28,120.73,8.29,95,99,11.52,CN,1606087715
Charter Township of Clinton,42.59,-82.92,35.01,100,90,10.29,US,1606087716
Arbazh,57.68,48.31,22.48,94,98,13.06,RU,1606087717
Kigoma,-4.88,29.63,73.62,79,2,3.44,TZ,1606087718
Selma,36.57,-119.61,64.4,52,1,3.6,US,1606087720
Brno,49.2,16.61,36.0,80,0,2.24,CZ,1606087472
Burnie,-41.07,145.92,63.79,69,89,1.81,AU,1606087722
Tinskoy,56.15,96.92,21.16,96,89,7.65,RU,1606087724
Caucayá,-0.19,-74.78,76.5,94,83,2.53,CO,1606087725
Fernie,49.5,-115.07,39.2,92,93,4.7,CA,1606087726
Yulara,-25.24,130.99,78.8,39,100,13.87,AU,1606087727
Tripoli,32.88,13.19,58.55,80,98,7.49,LY,1606087729
Hofn,64.25,-15.21,32.56,94,100,8.99,IS,1606087730
Gizo Government Station,-8.1,156.84,84.6,69,44,6.53,SB,1606087731
Peru,40.75,-86.07,39.2,100,90,6.93,US,1606087533
Mount Gambier,-37.83,140.77,60.8,82,75,18.34,AU,1606087734
Touros,-5.2,-35.46,78.8,78,40,5.82,BR,1606087735
Abu Kamal,34.45,40.92,57.85,59,64,8.52,SY,1606087736
Taicheng,38.73,113.23,21.7,70,42,2.51,CN,1606087738
Tuy Hoa,13.08,109.3,74.93,88,72,6.24,VN,1606087739
Fengzhen,40.44,113.15,12.65,81,0,1.39,CN,1606087740
São Filipe,14.9,-24.5,77.5,73,26,4.99,CV,1606087741
Jiancheng,30.39,104.55,46.99,81,75,2.24,CN,1606087743
Pevek,69.7,170.31,18.36,95,95,1.21,RU,1606087744
Sánchez,19.23,-69.61,77.0,88,40,6.33,DO,1606087745
Mlowo,-9.0,32.98,66.22,71,69,2.1,TZ,1606087747
Port Elizabeth,-33.92,25.57,60.8,100,90,4.16,ZA,1606087748
Seymchan,62.88,152.43,0.01,91,100,4.18,RU,1606087749
Serabu,7.8,-12.05,74.26,93,42,2.04,SL,1606087750
Bukama,-9.2,25.85,71.46,92,75,1.05,CD,1606087581
Tual,-5.67,132.75,84.02,71,96,6.51,ID,1606087753
Anan,33.92,134.65,59.0,72,40,17.22,JP,1606087754
Neuquén,-38.95,-68.06,82.4,34,0,4.7,AR,1606087528
Rāghogarh,24.45,77.2,54.19,41,0,7.27,IN,1606087757
Leirvik,59.78,5.5,44.01,96,100,1.01,NO,1606087699
Kruisfontein,-34.0,24.73,61.0,95,99,1.01,ZA,1606087759
Paciran,-6.88,112.38,79.79,79,100,5.82,ID,1606087761
Severo-Yeniseyskiy,60.37,93.04,13.42,97,98,6.35,RU,1606087763
Xianyang,34.34,108.7,35.01,94,90,8.95,CN,1606087765
Dolores,-36.31,-57.68,67.05,59,0,12.68,AR,1606087766
Chumphon,10.33,98.83,75.2,94,20,0.47,TH,1606087767
Grindavik,63.84,-22.43,32.0,80,75,11.41,IS,1606087768
Sudak,44.85,34.97,38.8,70,0,3.8,UA,1606087770
Bambanglipuro,-7.95,110.28,78.89,81,98,2.21,ID,1606087771
Hudson Bay,52.85,-102.38,3.99,93,30,3.11,CA,1606087772
Kawalu,-7.38,108.21,73.09,83,99,1.39,ID,1606087774
Mangan,27.52,88.53,52.59,37,1,4.5,IN,1606087776
Ust-Nera,64.57,143.2,-19.35,78,91,2.89,RU,1606087779
Vila Velha,-20.33,-40.29,75.2,83,75,4.7,BR,1606087653
Karakol,42.49,78.39,21.34,80,96,2.66,KG,1606087781
Río Gallegos,-51.62,-69.22,59.0,38,40,17.22,AR,1606087593
Umeå,63.83,20.26,35.6,93,70,8.05,SE,1606087784
Ipojuca,-8.4,-35.06,78.8,61,20,6.93,BR,1606087647
Marzuq,14.4,46.47,63.03,38,24,3.15,YE,1606087786
San Marcos,33.14,-117.17,66.99,77,20,5.82,US,1606087618
Hays,30.05,-98.03,72.0,59,74,14.14,US,1606087789
Vao,-22.67,167.48,71.96,79,17,17.78,NC,1606087790
Kumul,42.8,93.45,16.59,72,80,1.66,CN,1606087792
Suratgarh,29.32,73.9,58.53,33,0,7.65,IN,1606087793
Aknīste,56.16,25.75,41.5,81,87,12.15,LV,1606087794
Sistranda,63.73,8.83,41.0,86,75,35.57,NO,1606087796
Turaif,31.67,38.66,50.0,81,0,0.98,SA,1606087797
Torbay,47.67,-52.73,28.0,68,75,5.82,CA,1606087798
Kiama,-34.68,150.87,75.99,85,100,1.66,AU,1606087799
Anito,12.45,125.29,78.06,86,100,14.09,PH,1606087801
Puerto del Rosario,28.5,-13.86,66.2,88,0,5.82,ES,1606087803
Hambantota,6.12,81.12,76.3,87,100,7.31,LK,1606087805
Naryan-Mar,67.67,53.09,25.72,97,100,22.41,RU,1606087807
Bengkulu,-3.8,102.27,74.34,96,100,4.14,ID,1606087808
Anuradhapura,8.36,80.42,73.81,93,100,2.64,LK,1606087810
Khilok,51.37,110.47,20.14,93,99,10.07,RU,1606087811
Robertsport,6.75,-11.37,79.68,81,94,7.23,LR,1606087813
Santa Rosa,14.31,121.11,81.0,74,20,2.24,PH,1606087814
Linqing,36.85,115.71,33.33,83,24,2.39,CN,1606087817
Ljubinje,42.95,18.09,51.8,86,0,3.36,BA,1606087811
Vanavara,60.34,102.28,18.43,97,100,9.46,RU,1606087820
Dourbali,11.81,15.86,76.68,28,36,8.05,TD,1606087822
Lüderitz,-26.65,15.16,59.0,87,2,10.29,NA,1606087823
Salalah,17.02,54.09,80.6,69,0,2.24,OM,1606087825
Itarema,-2.92,-39.92,80.51,71,22,15.3,BR,1606087826
Nioro,13.35,-15.75,75.58,60,29,6.22,GM,1606087828
Tokur,53.13,132.9,-1.48,92,100,2.95,RU,1606087830
Hauterive,46.09,3.45,30.2,74,0,3.36,FR,1606087832
Kavieng,-2.57,150.8,84.51,66,70,10.04,PG,1606087833
Belmonte,-15.86,-38.88,73.4,88,75,3.36,BR,1606087834
Pemba,-12.97,40.52,77.0,94,20,3.36,MZ,1606087836
Kathmandu,27.72,85.32,44.6,100,20,3.36,NP,1606087838
Bathsheba,13.22,-59.52,80.6,74,40,17.22,BB,1606087840
Nānākuli,21.39,-158.15,84.2,54,75,11.41,US,1606087841
Strezhevoy,60.73,77.59,19.4,92,90,6.71,RU,1606087842
Kikwit,-5.04,18.82,71.65,93,91,1.77,CD,1606087844
Oxford,51.75,-1.26,33.8,100,0,4.7,GB,1606087846
Omsukchan,62.53,155.8,-5.51,88,100,3.91,RU,1606087848
Nauta,-4.51,-73.58,79.65,78,87,1.12,PE,1606087850
Thalheim,50.7,12.85,43.0,88,100,8.12,DE,1606087851
Miranda,3.25,-76.23,78.8,61,40,9.17,CO,1606087853
Hergla,36.03,10.51,62.6,63,40,2.24,TN,1606087854
Thinadhoo,0.53,72.93,82.44,71,97,5.19,MV,1606087855
Tam Ky,15.57,108.48,75.2,94,40,1.12,VN,1606087857
Shimanovsk,52.0,127.7,13.12,95,100,5.59,RU,1606087858
Soc Trang,9.6,105.98,77.0,100,20,1.12,VN,1606087726
Kaniama,-7.57,24.18,66.79,94,78,1.45,CD,1606087861
Flinders,-34.58,150.86,75.99,82,100,4.0,AU,1606087862
Katangli,51.71,143.23,15.51,85,0,15.32,RU,1606087863
Lagoa,39.05,-27.98,62.06,76,35,10.36,PT,1606087865
Severnyy,50.68,36.55,26.6,92,90,11.18,RU,1606087866
Isangel,-19.55,169.27,84.2,66,40,5.82,VU,1606087867
Banda Aceh,5.56,95.32,77.9,72,76,3.38,ID,1606087869
Pierre,44.37,-100.35,41.0,38,1,2.13,US,1606087735
Mpanda,-6.37,31.04,66.6,88,24,1.41,TZ,1606087872
Beatrice,40.27,-96.75,45.0,45,1,8.05,US,1606087873
Ormara,25.21,64.64,69.46,63,0,4.74,PK,1606087874
Cidreira,-30.18,-50.21,66.02,69,2,12.35,BR,1606087853
Imeni Poliny Osipenko,52.42,136.49,2.43,88,2,5.39,RU,1606087877
Yovon,38.31,69.04,33.8,89,90,2.24,TJ,1606087878
Assiut,27.18,31.18,59.0,47,0,10.29,EG,1606087879
Krasnosel'kup,65.7,82.47,5.43,93,28,7.87,RU,1606087882
Whyalla,-33.03,137.58,64.4,82,90,19.46,AU,1606087883
Ninghai,29.29,121.42,55.99,98,98,1.01,CN,1606087885
Muzhi,65.37,64.67,15.85,94,20,13.06,RU,1606087886
Nanpiao,41.1,120.75,23.52,81,0,3.49,CN,1606087887
Port Macquarie,-31.43,152.92,87.8,40,51,8.05,AU,1606087814
Saint-Augustin,51.23,-58.65,19.31,90,0,6.78,CA,1606087868
Kamaishi,39.27,141.88,44.6,65,75,11.41,JP,1606087891
Maragogi,-9.01,-35.22,76.39,80,20,9.01,BR,1606087893
Pringsewu,-5.36,104.97,76.26,88,94,1.45,ID,1606087894
Sikasso,10.92,-7.0,74.23,31,69,2.06,ML,1606087895
Provideniya,64.38,-173.3,32.0,96,90,4.47,RU,1606087897
Avera,33.19,-82.53,66.2,72,90,3.02,US,1606087898
Ampanihy,-24.7,44.75,70.66,81,67,3.51,MG,1606087899
Mangochi,-14.48,35.26,78.06,55,4,0.02,MW,1606087901
Dandong,40.13,124.39,26.24,76,0,6.33,CN,1606087902
Weyburn,49.67,-103.85,21.2,85,26,11.41,CA,1606087903
Gamba,-2.65,10.0,76.17,92,100,5.82,GA,1606087905
Luganville,-15.53,167.17,82.4,78,40,5.82,VU,1606087812
Bethel,41.37,-73.41,45.0,70,90,4.7,US,1606087907
Houndé,11.5,-3.52,73.26,21,33,2.64,BF,1606087734
Juneau,58.3,-134.42,35.01,100,90,3.36,US,1606087910
Najrān,17.49,44.13,57.2,47,0,1.74,SA,1606087911
Maningrida,-12.07,134.27,90.3,49,52,5.44,AU,1606087913
Roald,62.58,6.13,42.8,67,100,16.11,NO,1606087914
Shumikha,55.23,63.3,15.85,94,98,6.06,RU,1606087915
Nizwá,22.93,57.53,60.96,64,0,1.41,OM,1606087917
Marystown,47.17,-55.15,32.0,100,0,3.74,CA,1606087918
Birjand,32.87,59.22,42.8,81,90,6.93,IR,1606087921
Nchelenge,-9.35,28.73,71.35,80,53,1.92,ZM,1606087922
Ambon City,-3.7,128.18,80.6,83,40,4.7,ID,1606087924
Casablanca,33.59,-7.62,62.01,100,0,2.24,MA,1606087925
Port Augusta,-32.5,137.77,69.01,82,90,19.46,AU,1606087926
Hasaki,35.73,140.83,57.2,71,20,13.87,JP,1606087928
Kanlagay,5.88,121.29,83.39,72,28,1.5,PH,1606087929
Macaé,-22.37,-41.79,77.0,69,90,8.05,BR,1606087930
Bintulu,3.17,113.03,77.0,100,20,5.82,MY,1606087933
Methóni,36.82,21.7,57.99,54,26,6.93,GR,1606087934
Lorengau,-2.02,147.27,84.9,68,100,8.88,PG,1606087666
Mongua,5.75,-72.8,48.0,96,73,2.39,CO,1606087938
Kaitangata,-46.28,169.85,54.0,67,24,8.01,NZ,1606087939
Aljezur,37.32,-8.8,54.0,88,0,5.01,PT,1606087941
Umm Kaddadah,13.6,26.69,68.7,24,0,15.26,SD,1606087943
Teknāf,20.86,92.31,68.59,83,59,5.44,BD,1606087944
Ust-Tsilma,65.44,52.15,26.2,91,100,12.55,RU,1606087946
Kukuna,9.4,-12.67,75.49,91,2,2.91,SL,1606087948
Baillif,16.02,-61.75,78.8,78,6,9.17,GP,1606087949
Maniitsoq,65.42,-52.9,21.79,92,100,13.2,GL,1606087950
Muhafazat Lahij,13.17,44.58,71.08,84,86,2.06,YE,1606087952
Biltine,14.53,20.92,72.14,25,88,11.05,TD,1606087953
Tuktoyaktuk,69.45,-133.04,1.4,84,20,18.34,CA,1606087954
Muğla Province,37.23,28.36,50.0,75,0,1.12,TR,1606087770
Bibiani,6.46,-2.32,73.22,93,79,2.13,GH,1606087958
Bukachacha,52.98,116.92,11.08,90,32,2.73,RU,1606087960
Vrangel',42.73,133.08,23.72,83,0,9.4,RU,1606087961
Al Bardīyah,31.76,25.09,64.2,74,47,10.49,LY,1606087962
Riyadh,24.69,46.72,62.6,48,0,3.36,SA,1606087847
Mishkino,55.34,63.92,16.23,93,90,5.46,RU,1606087965
Larsnes,62.2,5.58,41.0,78,98,11.99,NO,1606087966
Jega,12.22,4.38,75.02,23,16,8.19,NG,1606087967
Ségou,13.43,-6.22,74.97,19,57,9.06,ML,1606087969
Ribera,37.5,13.26,55.0,78,42,1.99,IT,1606087970
Iqaluit,63.75,-68.51,21.2,67,75,4.7,CA,1606087971
Pisco,-13.7,-76.22,66.2,77,0,18.34,PE,1606087972
Parksville,49.32,-124.32,44.6,87,100,14.99,CA,1606087974
Bougouni,11.42,-7.48,72.79,29,39,2.75,ML,1606087891
Karla,59.37,24.93,43.0,87,40,12.75,EE,1606087977
Puerto Escondido,15.85,-97.07,84.2,70,20,9.17,MX,1606087979
Payson,40.04,-111.73,45.0,60,40,5.82,US,1606087980
Soke,13.6,-5.94,74.7,19,36,9.19,ML,1606087981
Yamada,39.47,141.95,49.28,61,63,6.15,JP,1606087983
Ozieri,40.59,9.0,45.0,86,0,4.7,IT,1606087793
Pacific Grove,36.62,-121.92,55.99,76,1,6.93,US,1606087900
Australind,-33.27,115.72,71.64,46,0,4.74,AU,1606087987
Hongjiang,27.11,110.0,46.04,86,100,3.04,CN,1606087988
Gushikawa,26.35,127.87,73.4,88,75,12.75,JP,1606087989
Barbosa Ferraz,-24.03,-52.01,86.0,33,20,3.0,BR,1606087990
Cheyenne,41.14,-104.82,35.6,31,1,14.99,US,1606087992
Navalmoral de la Mata,39.89,-5.54,45.0,76,0,1.77,ES,1606087993
Ipixuna,-1.76,-48.8,73.4,94,90,20.8,BR,1606087994
Krasnovishersk,60.41,57.08,19.22,94,100,10.42,RU,1606087996
Aksu,41.12,80.26,25.23,67,100,4.5,CN,1606087997
Sittwe,20.15,92.9,71.56,83,24,7.27,MM,1606087998
Mengyin,35.71,117.93,32.52,74,20,2.37,CN,1606088000
Terrace,54.52,-128.6,32.0,88,90,2.24,CA,1606088002
Bonthe,7.53,-12.51,79.09,82,26,5.79,SL,1606088003
Yiyang,28.59,112.33,44.15,89,100,8.37,CN,1606088005
Egvekinot,66.32,-179.17,21.42,98,100,9.95,RU,1606088006
Kouango,4.99,19.96,73.15,75,83,0.38,CF,1606088008
Taoudenni,22.68,-3.98,61.34,30,0,17.67,ML,1606088010
Jiwani,25.05,61.74,73.81,68,0,7.99,PK,1606088011
Presidente Venceslau,-21.88,-51.84,86.0,25,0,1.12,BR,1606088012
Port Hardy,50.7,-127.42,44.6,87,75,13.87,CA,1606088014
Kita,13.03,-9.49,72.64,23,4,4.18,ML,1606088016
Oil City,41.43,-79.71,46.99,93,90,16.11,US,1606088017
Sitka,57.05,-135.33,42.8,60,90,14.99,US,1606088018
Talnakh,69.49,88.4,12.2,92,75,4.47,RU,1606088020
Béjar,40.39,-5.76,45.0,76,0,3.8,ES,1606088021
Horizontina,-27.63,-54.31,72.18,48,0,5.97,BR,1606088022
Nouna,12.73,-3.87,73.85,19,11,6.24,BF,1606088023
Cap-aux-Meules,47.38,-61.86,32.0,86,97,4.7,CA,1606087982
Hohhot,40.81,111.65,3.2,84,0,4.47,CN,1606087845
Channel-Port aux Basques,47.57,-59.14,29.34,89,67,7.29,CA,1606088027
Eenhana,-17.47,16.33,84.2,45,77,5.82,NA,1606088030
Izhma,65.01,53.91,23.81,92,100,14.16,RU,1606088031
Comodoro Rivadavia,-45.87,-67.5,68.0,32,0,13.87,AR,1606088032
Andros Town,24.7,-77.77,78.8,78,40,8.05,BS,1606088034
Sur,22.57,59.53,72.16,50,0,5.77,OM,1606088035
Penzance,50.12,-5.54,44.6,100,13,2.24,GB,1606088036
Sørland,67.67,12.69,40.82,82,98,23.73,NO,1606088038
Fushë-Arrëz,42.06,20.02,38.75,75,0,3.36,AL,1606088040
Kamenka,51.32,42.77,24.01,92,95,7.31,RU,1606088042
Sisimiut,66.94,-53.67,22.68,91,99,17.6,GL,1606088043
Banjar,-8.19,114.97,80.6,83,20,2.91,ID,1606088044
Acaraú,-2.89,-40.12,80.46,70,45,16.11,BR,1606088045
Tshikapa,-6.42,20.8,70.68,91,78,1.68,CD,1606088047
Sirte,31.21,16.59,67.95,52,0,18.79,LY,1606088048
Banff,51.18,-115.57,32.0,73,58,6.93,CA,1606088049
Kuusamo,65.97,29.18,32.0,97,90,10.29,FI,1606087838
Datong,40.09,113.29,17.58,76,0,2.39,CN,1606088052
Anjozorobe,-18.4,47.87,66.2,88,75,6.93,MG,1606088053
Takoradze,4.88,-1.76,78.35,86,22,8.12,GH,1606088056
Pāsighāt,28.07,95.33,55.58,59,15,3.98,IN,1606088057
Jonuta,18.08,-92.13,73.53,90,5,5.66,MX,1606088058
Kununurra,-15.77,128.73,82.4,74,87,4.7,AU,1606087994
Shubarkuduk,49.14,56.49,19.45,91,100,5.5,KZ,1606088061
Shikarpur,27.96,68.64,55.4,82,5,10.58,PK,1606088062
Grand Forks,47.94,-97.43,26.6,79,90,10.29,US,1606088063
Verkhnyaya Tula,54.88,82.78,21.2,92,90,4.47,RU,1606088065
Westport,41.14,-73.36,51.8,81,90,20.8,US,1606088026
Dingle,11.0,122.67,79.88,85,83,12.88,PH,1606088068
Chara,56.91,118.26,4.86,81,37,4.88,RU,1606088069
Rugineşti,46.07,27.12,30.2,92,0,2.24,RO,1606088071
Nelson Bay,-32.72,152.15,80.01,73,0,5.82,AU,1606088073
Kangaatsiaq,68.31,-53.46,27.19,93,100,25.05,GL,1606088075
Borogontsy,62.67,131.17,-20.27,87,11,3.11,RU,1606088076
Acapulco de Juárez,16.86,-99.89,84.2,74,20,6.93,MX,1606088077
Delfzijl,53.33,6.92,42.01,94,88,4.0,NL,1606088079
Aykhal,66.0,111.5,6.8,92,75,4.47,RU,1606088080
Ust'-Ishim,57.69,71.17,13.87,96,5,3.91,RU,1606088082
Canmore,51.08,-115.35,32.0,73,82,6.93,CA,1606087790
Currais Novos,-6.26,-36.52,75.0,64,2,22.97,BR,1606088085
Tromsø,69.65,18.96,32.0,92,75,18.34,NO,1606088088
Alice,27.75,-98.07,91.4,57,90,10.29,US,1606088089
Takaungu,-3.68,39.86,80.6,88,40,5.12,KE,1606088090
Toccoa,34.58,-83.33,60.8,77,1,3.27,US,1606087849
Mongo,12.18,18.69,77.67,24,100,6.35,TD,1606088093
Meitingen,48.55,10.85,35.01,82,100,2.57,DE,1606088094
Kalangala,-0.31,32.23,71.6,83,20,3.36,UG,1606088096
Merauke,-8.47,140.33,84.4,73,98,8.66,ID,1606087844
Mahibadhoo,3.78,72.97,82.31,70,87,5.1,MV,1606088098
San Quintín,30.48,-115.95,65.66,74,86,11.21,MX,1606088100
Jaca,42.57,-0.55,41.0,75,0,1.03,ES,1606088101
Comrat,46.3,28.66,33.82,89,88,7.45,MD,1606088103
Baripāda,21.93,86.72,61.18,47,0,6.8,IN,1606088104
Srednekolymsk,67.45,153.68,3.88,94,100,8.84,RU,1606088106
Nouakchott,18.09,-15.98,77.0,20,8,10.29,MR,1606088089
Manassas,38.75,-77.48,57.2,71,90,6.89,US,1606087873
Port-Cartier,50.03,-66.87,23.0,67,69,4.12,CA,1606088110
Atikokan,48.76,-91.62,26.02,97,95,8.77,CA,1606088111
Tabou,4.42,-7.35,78.15,87,99,7.87,CI,1606088113
Lipovtsy,44.2,131.72,8.89,91,0,4.59,RU,1606088115
Geraldton,-28.77,114.6,73.4,35,0,5.82,AU,1606087862
Karasjok,69.47,25.51,24.8,92,75,9.17,NO,1606088118
Arona,28.1,-16.68,75.2,25,0,14.99,ES,1606088119
Shirokiy,49.76,129.52,14.67,96,100,9.8,RU,1606088120
Aksaray,38.37,34.03,24.8,92,0,2.24,TR,1606088122
Tianpeng,30.99,103.94,46.0,1,95,1.9,CN,1606088123
Cap Malheureux,-19.98,57.61,73.0,78,5,5.99,MU,1606088124
Davila,18.47,120.58,80.6,61,20,6.93,PH,1606088126
Båtsfjord,70.63,29.72,32.0,95,75,6.93,NO,1606088127
Los Llanos de Aridane,28.66,-17.92,69.8,68,20,8.05,ES,1606088128
Shache,38.42,77.24,18.95,77,92,6.89,CN,1606088130
Tazovsky,67.47,78.7,11.39,95,57,11.16,RU,1606088131
Rocha,-34.48,-54.33,56.52,88,0,7.16,UY,1606088132
Abalak,58.13,68.59,12.29,95,3,5.19,RU,1606088134
Nicoya,10.15,-85.45,78.8,88,75,4.7,CR,1606088135
Nemuro,43.32,145.57,36.14,81,100,14.72,JP,1606088136
Dehui,44.53,125.7,10.4,78,0,11.18,CN,1606088120
Yining,29.04,114.56,45.28,91,100,2.08,CN,1606088139
Cocobeach,1.0,9.58,77.0,94,75,8.05,GA,1606088140
Yeppoon,-23.13,150.73,80.6,44,20,8.05,AU,1606088141
Rundu,-17.93,19.77,72.07,75,78,3.58,NA,1606088143
Kahului,20.89,-156.47,82.4,65,40,23.04,US,1606088084
Zacualpan,21.25,-105.17,86.0,51,5,8.05,MX,1606088146
Karabulak,43.3,44.9,32.0,93,81,8.95,RU,1606088147
Kenora,49.82,-94.43,15.8,85,90,10.29,CA,1606088149
Fortuna,40.6,-124.16,51.01,87,40,6.93,US,1606088151
Padang,-0.95,100.35,78.12,79,100,3.98,ID,1606088152
Nueve de Julio,-35.44,-60.88,78.01,48,0,4.0,AR,1606088154
Storforshei,66.4,14.52,36.0,93,98,4.14,NO,1606088155
Ixtapa,20.7,-105.2,81.0,83,40,9.17,MX,1606088158
Viedma,-40.81,-63.0,69.01,49,96,16.82,AR,1606088159
Saucillo,28.02,-105.28,75.06,26,0,9.95,MX,1606088161
Deniliquin,-35.53,144.97,72.0,68,83,10.58,AU,1606088162
Nālūt,30.33,10.85,49.75,79,36,3.51,LY,1606088164
West Bay,19.37,-81.42,81.0,88,75,5.82,KY,1606088166
Talcahuano,-36.72,-73.12,64.4,68,0,12.75,CL,1606088168
Plastun,44.76,136.29,19.44,82,0,6.67,RU,1606088170
Rovenki,48.08,39.38,24.82,99,96,5.57,UA,1606088171
Panabá,21.28,-88.27,72.91,92,6,7.2,MX,1606088173
Abéché,13.83,20.83,72.82,25,100,9.6,TD,1606088174
Ust-Maya,60.42,134.53,-8.34,90,98,2.59,RU,1606088176
Sovetskaya Gavan',48.97,140.29,17.04,78,0,10.0,RU,1606088177
Batasan,12.77,120.78,82.02,66,82,6.93,PH,1606088178
Balyqshy,47.07,51.87,23.0,57,0,11.18,KZ,1606088180
Kajaani,64.23,27.73,35.6,93,90,11.41,FI,1606088181
Luleå,65.58,22.15,32.0,93,100,4.7,SE,1606087946
Kontagora,10.4,5.47,73.13,37,6,4.47,NG,1606088184
Vagay,57.94,69.02,13.17,95,7,4.54,RU,1606088185
Parfen'yevo,58.48,43.41,25.77,97,100,11.59,RU,1606088186
Oriximiná,-1.77,-55.87,75.25,86,99,2.95,BR,1606088188
Half Moon Bay,37.46,-122.43,57.99,81,90,16.11,US,1606088189
Cururupu,-1.83,-44.87,77.56,85,100,3.58,BR,1606088190
Qaqortoq,60.72,-46.03,21.2,73,100,2.24,GL,1606088192
Mahbūbābād,17.62,80.02,68.13,81,94,2.17,IN,1606088193
Iralaya,15.0,-83.23,79.57,83,84,6.29,HN,1606088194
Zhangaözen,43.3,52.8,26.62,73,100,18.66,KZ,1606088196
Naze,28.37,129.48,69.8,83,75,17.22,JP,1606088198
Tezu,27.92,96.17,56.98,50,11,3.71,IN,1606088199
Rosetta,31.4,30.42,62.6,88,40,3.36,EG,1606088201
Lethem,3.38,-59.8,75.4,88,100,2.26,GY,1606088202
Motygino,58.18,94.76,16.07,97,100,5.84,RU,1606088204
Bulawayo,-20.15,28.58,69.62,65,67,3.15,ZW,1606087925
Bowen,-20.02,148.23,82.4,51,90,12.75,AU,1606088207
Clarence Town,-32.58,151.78,80.01,73,0,5.82,AU,1606088208
Juba,4.85,31.58,81.28,44,63,3.29,SS,1606088207
Malpe,13.35,74.72,71.6,88,50,5.82,IN,1606088211
Yārāda,17.65,83.27,77.0,88,75,2.24,IN,1606088212
Bunia,1.57,30.25,63.14,85,18,1.95,CD,1606088213
Wakkanai,45.41,141.67,31.3,89,100,14.67,JP,1606088215
Honiara,-9.43,159.95,86.0,70,20,6.93,SB,1606088190
Mangai,-4.05,19.53,70.81,93,49,1.66,CD,1606088217
Wawa,9.9,4.42,76.21,45,19,4.12,NG,1606088219
Ambilobe,-13.2,49.05,73.38,80,6,4.18,MG,1606088220
Assiniboia,49.63,-105.98,19.4,85,32,5.82,CA,1606088221
Chapais,49.78,-74.85,17.6,85,75,6.93,CA,1606088223
Bela,25.93,81.98,56.48,37,38,2.59,IN,1606088224
Innisfail,-17.53,146.03,77.0,60,15,8.01,AU,1606088225
Korba,22.35,82.68,54.9,48,0,5.14,IN,1606088227
Aklavik,68.22,-135.01,3.2,84,93,11.41,CA,1606088228
